iteration,MAE
0,0.2857142857142857
1,0.2857142857142857
2,0.28571428571428975
3,0.2857142857142857
4,0.28571428571428975
5,0.2857142857142857
6,0.28571428571428975
7,0.2857142857142857
8,0.2857142857142857
9,0.28571428571428975
10,0.28571428571428975
11,0.2857142857142857
12,0.28571428571428975
13,0.2857142857142857
14,0.28571428571428775
15,0.2857142857142857
16,0.28571428571428775
17,0.28571428571428975
18,0.28571428571428775
19,0.2857142857142857
