iteration,MAE
0,0.2222222222222222
1,0.2222222222222222
2,0.2222222222222222
3,0.22222222222222537
4,0.2222222222222238
5,0.2222222222222222
6,0.22222222222222537
7,0.2222222222222222
8,0.2222222222222222
9,0.22222222222222537
10,0.2222222222222222
11,0.2222222222222222
12,0.22222222222222537
13,0.2222222222222222
14,0.2222222222222238
15,0.22222222222222537
16,0.2222222222222238
17,0.22222222222222537
18,0.2222222222222222
19,0.2222222222222222
