iteration,MAE
0,0.5000000000000036
1,0.5
2,0.5000000000000018
3,0.5
4,0.5
5,0.5
6,0.5000000000000036
7,0.5000000000000018
8,0.0
9,0.5
10,0.5
11,0.0
12,0.5
13,0.5
14,0.5
15,0.5
16,0.5000000000000036
17,0.5
18,0.5000000000000036
19,0.5
