iteration,MAE
0,0.25000000000000355
1,0.25
2,0.25
3,0.2500000000000018
4,0.25
5,0.25000000000000355
6,0.25
7,0.2500000000000018
8,0.2500000000000018
9,0.25000000000000355
10,0.25
11,0.25000000000000355
12,0.25000000000000355
13,0.25000000000000355
14,0.25
15,0.25
16,0.25
17,0.25
18,0.25
19,0.25
