iteration,MAE
0,0.2
1,0.2
2,0.2
3,0.2
4,0.2
5,0.2
6,0.2
7,0.20000000000000143
8,0.2
9,0.20000000000000284
10,0.2
11,0.2
12,0.20000000000000143
13,0.20000000000000284
14,0.20000000000000284
15,0.2
16,0.20000000000000284
17,0.2
18,0.20000000000000143
19,0.2
