iteration,MAE
0,0.1818181818181844
1,0.18181818181818182
2,0.1818181818181844
3,0.1818181818181844
4,0.18181818181818182
5,0.18181818181818182
6,0.1818181818181844
7,0.18181818181818182
8,0.18181818181818182
9,0.18181818181818182
10,0.18181818181818182
11,0.18181818181818182
12,0.18181818181818182
13,0.18181818181818182
14,0.1818181818181844
15,0.18181818181818182
16,0.18181818181818182
17,0.1818181818181844
18,0.18181818181818182
19,0.1818181818181844
