iteration,MAE
0,0.3333333333333333
1,0.3333333333333381
2,0.3333333333333333
3,0.3333333333333381
4,0.3333333333333333
5,0.3333333333333333
6,0.3333333333333333
7,0.3333333333333333
8,0.3333333333333333
9,0.3333333333333333
10,0.3333333333333333
11,0.3333333333333333
12,0.3333333333333333
13,0.3333333333333333
14,0.3333333333333357
15,0.3333333333333357
16,0.3333333333333333
17,0.3333333333333357
18,0.3333333333333357
19,0.3333333333333333
