iteration,MAE
0,0.4
1,0.4
2,0.4
3,0.40000000000000285
4,0.40000000000000285
5,0.4
6,0.4000000000000014
7,0.4
8,0.4
9,0.40000000000000285
10,0.40000000000000285
11,0.4
12,0.4
13,0.4
14,0.40000000000000285
15,0.4
16,0.4000000000000014
17,0.4000000000000057
18,0.40000000000000285
19,0.4
