iteration,MAE
0,0.0
1,3.552713678800501e-15
2,1.7763568394002505e-15
3,0.0
4,3.552713678800501e-15
5,0.0
6,0.0
7,0.0
8,0.0
9,0.0
10,0.0
11,3.552713678800501e-15
12,1.7763568394002505e-15
13,0.0
14,3.552713678800501e-15
15,3.552713678800501e-15
16,0.0
17,0.0
18,3.552713678800501e-15
19,0.0
