iteration,MAE
0,0.32261544029449274
1,5.663710134549063
2,0.75417532420641
3,0.255516163324533
4,3.2711928260947154
5,3.8980532176279916
6,0.3276721508351681
7,2.103417002914238
8,0.8708738529727047
9,3.395873609575194
10,0.7065302423593753
11,2.65788119896881
12,1.9581824425532488
13,4.246645627452719
14,0.08568898480587081
15,1.048645618734017
16,0.7643593193233703
17,0.9801241764340037
18,0.40163413180037855
19,2.385874543936536
