iteration,MAE
0,0.1138655018851605
1,0.2349555838940055
2,0.11127050312871249
3,0.16112577857546756
4,0.15664857374526597
5,0.18575886187530688
6,0.14239589738087902
7,0.14362973873354032
8,0.11776101538880225
9,0.07048193032109334
10,0.12770837687428813
11,0.16584738484869052
12,0.18093363069609383
13,0.11292231185984357
14,0.23673932774454765
15,0.10605938879515718
16,0.2182726720095962
17,0.15711206376511294
18,0.23247569109020094
19,0.2056515614843408
