iteration,MAE
0,4.598763008216899
1,1.4423777670913842
2,0.4467714134826896
3,3.6948531423350577
4,2.9575768345639943
5,1.5153994439075973
6,0.9551469092434092
7,0.5626626150931547
8,0.429836175294296
9,2.6330080449969433
10,0.9563083921779045
11,1.7775293724128143
12,2.4655517544472705
13,1.2748339491795024
14,2.815434300591034
15,0.8811303811701224
16,1.3630613447708633
17,2.0791163151676995
18,1.4531322176290715
19,0.8885659669199237
