iteration,MAE
0,0.0814774566316849
1,0.20623016002555059
2,0.1478352525121232
3,0.14144169943775395
4,0.21467310853891272
5,0.11913371855747575
6,0.15673328735063174
7,0.1291601096949588
8,0.21285876121999753
9,0.13073073354292972
10,0.13151535544361867
11,0.2180906693740181
12,0.1377045870074833
13,0.15578814705355204
14,0.08670876206824929
15,0.1128906561213815
16,0.20266815967500412
17,0.13727879658620654
18,0.09015917942863205
19,0.13570070774654028
