iteration,MAE
0,0.13523623389009193
1,0.12587637845794006
2,0.07942510026672459
3,0.07557156312507386
4,0.16528910002663924
5,0.05155146682298654
6,0.09884918338064971
7,0.11316458855034411
8,0.13937005301527355
9,0.18567304448630248
10,0.1224264559074643
11,0.1236997838815935
12,0.11992949517142844
13,0.10127982935487252
14,0.12819356455958575
15,0.13891979120515283
16,0.17225401169204355
17,0.09417284586776074
18,0.10079982516500754
19,0.07228023960836004
