iteration,MAE
0,5.684341886080802e-15
1,0.0
2,2.842170943040401e-15
3,2.842170943040401e-15
4,0.0
5,0.0
6,0.0
7,1.4210854715202005e-15
8,0.0
9,2.842170943040401e-15
10,1.4210854715202005e-15
11,0.0
12,2.842170943040401e-15
13,2.842170943040401e-15
14,2.842170943040401e-15
15,2.842170943040401e-15
16,0.0
17,0.0
18,0.0
19,2.842170943040401e-15
