iteration,MAE
0,0.17158692797428024
1,0.20119189617153363
2,0.24447605443194323
3,0.2354205159684898
4,0.20654058979071796
5,0.2295287872145549
6,0.1497464361141365
7,0.21454699304764413
8,0.1422927893245391
9,0.21032737696901674
10,0.1844832459172476
11,0.23663737224811918
12,0.18734992208559997
13,0.14753035243279364
14,0.2427889526970687
15,0.17581359345645328
16,0.1726741509022475
17,0.191179094213076
18,0.20364224589004695
19,0.21639039866860144
