iteration,MAE
0,0.18082652576984706
1,0.14435577984569825
2,0.11701849999184646
3,0.08665960562201643
4,0.1046425344846653
5,0.15279479239026295
6,0.19402386420629858
7,0.12335038429625936
8,0.12861576394528365
9,0.19338950287793974
10,0.19951107461687048
11,0.09773708872099977
12,0.11767984830100166
13,0.10074544917030852
14,0.1482855464345458
15,0.11764664357373257
16,0.10376813848174905
17,0.1124569483526877
18,0.041579510590491225
19,0.12885389182869655
