iteration,MAE
0,0.20479723224587507
1,0.1634144946320037
2,0.17434046146707238
3,0.16241960055103277
4,0.033205435932421874
5,0.15876400025163928
6,0.2522136639921227
7,0.1943540655114997
8,0.26987500977670825
9,0.26116754208645
10,0.23141315767357648
11,0.11295024665693836
12,0.11783265251391602
13,0.18329600077027153
14,0.1278388236182701
15,0.24983517417031653
16,0.1613101629112389
17,0.26426599356094943
18,0.21278950581693212
19,0.11952478313461014
