iteration,MAE
0,0.2336859220011923
1,2.2995991613243096e-06
2,0.22105451527880224
3,0.23315529650912462
4,0.2349579096447052
5,0.23571091901238453
6,0.19775765785584254
7,0.21995383660185006
8,0.23210720447792796
9,0.2342964160744012
10,0.22783832932037007
11,0.22528490633553885
12,0.22726016488392722
13,1.8207155316011618e-06
14,0.22871956281235617
15,3.391647010040725e-05
16,0.23305307430936803
17,2.8932493552606225e-05
18,0.23090565606956892
19,2.2623354038464605e-05
