iteration,MAE
0,0.13839351834199884
1,0.24251561697647636
2,0.13349348313615053
3,0.13282780205467448
4,0.13797415900397247
5,0.131004410067736
6,0.12713673535065176
7,0.14402495829048367
8,0.13230133802847047
9,0.13018524433123527
10,0.25600525571698307
11,0.0002724758871496316
12,0.13940619376459948
13,7.504704312755416e-05
14,0.13890861568803659
15,0.11738725170553442
16,0.2665500933855018
17,0.24746187699650127
18,8.588133901581661e-05
19,0.25840625174227133
