iteration,MAE
0,0.10137538137778405
1,0.21591558083800655
2,0.1473727647170224
3,0.17604395512774987
4,0.14620255911947622
5,0.20367253138812735
6,0.15516391293463794
7,0.15095932515875987
8,0.18979295284951833
9,0.16211539021100893
10,0.11155236627399402
11,0.1964629864784924
12,0.16899740129588656
13,0.13609161791614105
14,0.13215361101852727
15,0.1886807974422756
16,0.09467738850451822
17,0.19289300732875267
18,0.22367477768921237
19,0.14642129747925756
