iteration,MAE
0,0.0
1,0.0
2,0.0
3,4.736951571734001e-15
4,4.736951571734001e-15
5,2.3684757858670005e-15
6,2.3684757858670005e-15
7,0.0
8,0.0
9,4.736951571734001e-15
10,4.736951571734001e-15
11,2.3684757858670005e-15
12,0.0
13,0.0
14,0.0
15,0.0
16,2.3684757858670005e-15
17,0.0
18,4.736951571734001e-15
19,2.3684757858670005e-15
