iteration,MAE
0,1.0547573341892713
1,1.4811435271446352
2,1.215836014800807
3,1.6739258155688408
4,1.8156554925422883
5,1.0630979305154395
6,1.0575212223474884
7,0.6068939265919706
8,1.794508231388133
9,2.4078305048001707
10,0.792975941231251
11,1.3366029511292776
12,2.342059807523837
13,3.0782846563612645
14,1.188601735167965
15,0.9483059292017751
16,2.0171520537694887
17,1.337086550523772
18,2.3802071179730366
19,1.5250022607510045
