iteration,MAE
0,0.18672267433595555
1,6.633679301109347e-08
2,3.1178973877483377e-06
3,0.20039644138752047
4,0.20201728898768798
5,0.20120434225464284
6,0.19794701947926294
7,0.20166262308087982
8,0.1979983377139946
9,0.18792742647503186
10,0.1996108261782568
11,0.00027446945183853426
12,0.2002653819044431
13,0.1903285811778619
14,0.18324003651114712
15,4.866484579440262e-05
16,0.3669542088110633
17,1.8455055633653e-06
18,3.708407539981806e-05
19,0.20201060207000113
