iteration,MAE
0,0.21882185518784417
1,0.1746173879639574
2,0.19048199785346148
3,0.183071726887823
4,0.22464558009419466
5,0.12245754010615548
6,0.17575016489222878
7,0.17280655573913475
8,0.2243580653702919
9,0.1767514423778455
10,0.2594486934788252
11,0.22731783006977463
12,0.14785746843198247
13,0.1336576248709384
14,0.17645531793257435
15,0.1772609122678262
16,0.25831371092388844
17,0.1806332985087755
18,0.2548377707777353
19,0.20652474621110692
