iteration,MAE
0,0.12166524661399485
1,0.15912837159218135
2,0.12375408675064066
3,0.04689754187697038
4,0.09023869865987341
5,0.1555047708059575
6,0.11350688413056194
7,0.1389842798058248
8,0.1469367712785365
9,0.1794724118555404
10,0.07756272911309417
11,0.08877680498473574
12,0.18959962493266258
13,0.20569458413067984
14,0.17681303798647455
15,0.18185917976115323
16,0.15397925302179255
17,0.05776379850752682
18,0.18460142318862646
19,0.14903260253983008
