iteration,MAE
0,0.20312747303832338
1,0.15692361405888555
2,0.15187445857569618
3,0.19754373791284935
4,0.25415948999282945
5,0.24117447719294052
6,0.17839883869923054
7,0.11019199015509357
8,0.22247978654176326
9,0.14153553587209655
10,0.19395693657286603
11,0.216910590270338
12,0.1275871882982421
13,0.2547227110635555
14,0.22870961901571019
15,0.18643143567647194
16,0.18662010636070805
17,0.16912452845213288
18,0.14639712399606258
19,0.13076336959280788
