iteration,MAE
0,0.19398295266266555
1,0.11295263443784814
2,0.18609486476714518
3,0.21263065085913344
4,0.19909628888082637
5,0.13332257934439756
6,0.1023519129264153
7,0.14278992235973567
8,0.1800493829202452
9,0.1773392646597973
10,0.1855124752894552
11,0.17980362509825254
12,0.10733990087855096
13,0.11679741580976749
14,0.10805224786883906
15,0.14978953399172015
16,0.2048985178464441
17,0.09060092260727454
18,0.13928715936170566
19,0.13147835209857822
