iteration,MAE
0,0.00022556934569733996
1,0.08273270285572236
2,0.09113980639251636
3,0.257526280865529
4,0.09398531318446078
5,0.16813651579968897
6,0.17314144917820545
7,0.18382430138497827
8,0.18731754565938466
9,0.1680083146882084
10,9.856000538370769e-05
11,0.1701733184010365
12,0.1776135375055581
13,0.18991366681899374
14,0.19253101490055174
15,0.17243484321821162
16,0.1881117343805208
17,0.09048422200259225
18,0.191949879519365
19,0.0002514299107443045
