iteration,MAE
0,0.0
1,0.0
2,0.0
3,0.0
4,4.0602442043434294e-15
5,0.0
6,4.0602442043434294e-15
7,2.0301221021717147e-15
8,2.0301221021717147e-15
9,0.0
10,0.0
11,0.0
12,0.0
13,2.0301221021717147e-15
14,4.0602442043434294e-15
15,4.0602442043434294e-15
16,0.0
17,0.0
18,0.0
19,0.0
