iteration,MAE
0,0.09397065688597896
1,0.2316920292422366
2,0.2392930600535762
3,0.14755465980472213
4,0.14963228503110054
5,0.10696937325278161
6,0.24480138959839948
7,0.14984239644189473
8,0.1933429096023387
9,0.1586223501144844
10,0.17431269667841218
11,0.15496476601948972
12,0.20933952495377983
13,0.1917618126390475
14,0.23846573521292813
15,0.17416863558842233
16,0.2078143478978936
17,0.2435091921083202
18,0.2261305850128011
19,0.20791897527064498
