iteration,MAE
0,0.22162780866800752
1,0.1710345264646352
2,0.17234715800124972
3,0.19381915787951065
4,0.14127727194897813
5,0.2227130535180262
6,0.16405648438892373
7,0.18914228127896263
8,0.13007808251834552
9,0.15291783109036466
10,0.15569144303748722
11,0.1728723903926691
12,0.14897957088420719
13,0.18126102956866405
14,0.18556457412145272
15,0.14420570493723714
16,0.14844830815599733
17,0.2074494043213776
18,0.1649785371852205
19,0.16401566073880827
