iteration,MAE
0,0.17622800665696275
1,0.1829346876191701
2,0.12161464910330966
3,0.1561487755840613
4,0.1705165469104611
5,0.18736852644132668
6,0.2154994211985897
7,0.1250964540252896
8,0.14703810521803368
9,0.1927662592707049
10,0.12921349069202973
11,0.14626075492554666
12,0.1568642891741915
13,0.21307569953720715
14,0.15869410046478563
15,0.1800187391908503
16,0.14331463937492936
17,0.1763010305776736
18,0.18982856718973606
19,0.14734206321623503
