iteration,MAE
0,0.17375960484333225
1,0.13327912191278016
2,0.1651100252310918
3,0.09959016835501189
4,0.16683029762960397
5,0.18707333369285858
6,0.16624107359054524
7,0.15421584747040182
8,0.12195116950859178
9,0.12827131256881966
10,0.14858165467553866
11,0.20832179348113614
12,0.1920575219816032
13,0.1292236793271607
14,0.14048584371551506
15,0.16957631981320337
16,0.1438925923677549
17,0.1623249398725263
18,0.13231375634869033
19,0.13942359859413347
