iteration,MAE
0,2.7816946985578563
1,1.1845382926659827
2,2.3710641692839816
3,1.6771336345251138
4,0.9925766208614482
5,1.9398631552095202
6,2.2609926464330847
7,1.7041968935172438
8,1.2616809454443128
9,1.7896020036238331
10,1.5696252444112289
11,2.2707474519427446
12,1.4583889643179417
13,1.999480440239778
14,1.2972237323392388
15,1.5788196912789545
16,1.574051174034091
17,1.6219861289740058
18,3.20527887594636
19,2.550312910568025
