iteration,MAE
0,0.17442829144817998
1,0.18885795905044403
2,0.16959579760236698
3,0.16405988482629655
4,0.1626995723445328
5,0.16294515238744017
6,0.17401067977927429
7,0.17377705939083724
8,0.19916374364491396
9,0.13770646430891917
10,0.17172016469516369
11,0.15841334613602012
12,0.17351403615883165
13,0.18191982268487608
14,0.1519877668017147
15,0.15343597276351958
16,0.14917528492900664
17,0.16242731602495195
18,0.16791063477660798
19,0.13193746060573275
