iteration,MAE
0,0.1052389638317822
1,0.1055580810706009
2,0.10443400481108596
3,0.20893599519378206
4,0.10937927194547868
5,9.94165680490433e-06
6,0.10318677725033705
7,0.10065537417606976
8,0.2169293510838104
9,0.1018775007698984
10,0.21074237665187867
11,0.19217084020338984
12,0.10290949526971523
13,1.2337545448518062e-05
14,0.21198135379986754
15,0.11489089056412986
16,0.09856492808844189
17,0.10050133352982703
18,0.20056323879733828
19,0.21207838029593462
