iteration,MAE
0,0.07692829723225564
1,0.08119565981060407
2,0.07288444753947984
3,0.23247862730413124
4,0.00010042026947445133
5,0.1469991889131897
6,0.1721526774235357
7,0.07953317230388673
8,0.1436398727938691
9,0.07444405115729869
10,0.00025209304584165144
11,0.07967378542783879
12,0.00013133979607239855
13,0.1590538755790306
14,0.16421686114764347
15,0.08942884581844884
16,0.2450276570981046
17,0.00013347519008163574
18,0.08032589453645236
19,4.202040680385758e-05
