iteration,MAE
0,0.12347018780721934
1,0.11780245655875257
2,0.1352179131533059
3,0.12428502970477247
4,0.13662645121680614
5,0.06618970448023644
6,0.13657532836656752
7,0.26395728156950576
8,0.05715084440048004
9,0.19205680287304996
10,0.19388539081503336
11,0.17789562149964816
12,0.06422021456681143
13,0.1289908204477557
14,0.13515759102681718
15,7.527882494096511e-05
16,0.1973870006911887
17,0.17744416956130193
18,0.12847293344252161
19,0.00010335365465893043
