iteration,MAE
0,0.21144126364978072
1,0.17994596837560328
2,0.18157236898417592
3,0.15868262999888424
4,0.17774927249293299
5,0.1502689609915203
6,0.13747661351139398
7,0.19780673558825085
8,0.1326409157607304
9,0.1400344782481233
10,0.22010064087023937
11,0.18733511080246373
12,0.18658225889554633
13,0.13829821892901442
14,0.176050417108532
15,0.17271951708162983
16,0.21248936619334566
17,0.1623343820876892
18,0.16725433602635809
19,0.21267621755308908
