iteration,MAE
0,1.9523386217028564
1,2.110185192611253
2,1.9870742638957455
3,1.674001942022066
4,1.7082409345962224
5,2.3583766424193673
6,1.42397937766201
7,2.1243246750532725
8,1.7126033260233657
9,2.315486002091184
10,1.782705565189214
11,1.7668028899818047
12,1.5615893861770915
13,1.5793591690848545
14,1.3152457307813998
15,0.9151906331563544
16,1.5238001320876509
17,1.700857200728567
18,1.7863334336061887
19,1.421868786039163
