iteration,MAE
0,0.0
1,1.7763568394002505e-15
2,0.0
3,0.0
4,3.552713678800501e-15
5,0.0
6,0.0
7,1.7763568394002505e-15
8,0.0
9,3.552713678800501e-15
10,0.0
11,0.0
12,0.0
13,0.0
14,0.0
15,1.7763568394002505e-15
16,0.0
17,3.552713678800501e-15
18,0.0
19,0.0
