iteration,MAE
0,0.14947335368307396
1,0.15713744591467316
2,0.1536918798765597
3,0.2993105514800334
4,0.1532418020545723
5,0.15706619753675713
6,1.5700767801527268e-05
7,0.1554461562792707
8,0.155903943109665
9,0.1571457374738131
10,0.15643491743367854
11,0.15609583801948268
12,1.872289289458114e-05
13,0.1563174554026961
14,0.15331642014770314
15,1.4715093306330275e-06
16,0.1395015733215374
17,0.15401000086340283
18,1.7122055359580162e-06
19,0.15659214373013214
