iteration,MAE
0,0.18548506679075846
1,0.17785333408022685
2,0.20114984239472136
3,0.19907610692888913
4,0.1683170850556131
5,0.22618129376040913
6,0.2139645503655972
7,0.1886371645913457
8,0.19942098066814234
9,0.1444173419234853
10,0.1647844502866995
11,0.19969838257411296
12,0.1924353271704598
13,0.22611036951349442
14,0.1971237097309811
15,0.18806945173086642
16,0.20800572090483782
17,0.20260689475736932
18,0.1612344454715603
19,0.21566346652120072
