iteration,MAE
0,1.9265858702576037
1,1.9249554735149965
2,1.2106090022859746
3,1.6306415203759157
4,1.6403256113231501
5,2.199244694990216
6,2.357094803941508
7,1.7930379061655037
8,1.5696948212591968
9,1.65469715031152
10,1.5591742847755745
11,1.5161872955157054
12,1.4682125610404095
13,1.356198429154626
14,1.4647827784252667
15,1.6005723199728232
16,1.740879259206384
17,1.982240158219957
18,1.7545338256814422
19,1.4746574889523758
