iteration,MAE
0,0.1680024944145673
1,0.21338815083501536
2,0.1770330438649127
3,0.19823285768712584
4,0.1474596137136364
5,0.1868251017995218
6,0.14851469483742433
7,0.15989556941746322
8,0.18218305068694698
9,0.18519490924065318
10,0.19525598607128916
11,0.17932408656045692
12,0.17896204631123347
13,0.1720035876305697
14,0.17488594795582876
15,0.14344629730340047
16,0.1586097503606648
17,0.18118178648022812
18,0.1662161348651535
19,0.17210282255278087
