iteration,MAE
0,0.07064519951222041
1,0.07971065773462059
2,0.07248940546237691
3,0.06106330540091102
4,0.21561526387077642
5,4.0922869866949974e-05
6,0.06745208364162082
7,0.06692430761126279
8,0.12902747478563015
9,0.00017583762703166547
10,0.14673651769823937
11,0.13036178649864946
12,0.07605746600989315
13,0.06658895852383377
14,0.14306049027300397
15,0.06502317431304008
16,0.07188925884404589
17,0.14604943451855398
18,0.15623136450765124
19,0.06654304542513036
