iteration,MAE
0,0.056751568367690665
1,0.1798940117703016
2,0.05541684898294357
3,0.05836171005195262
4,0.06067922904108039
5,0.16962301695073362
6,0.24664243924717774
7,0.06196715119233148
8,0.12732790413469267
9,0.12526785718537642
10,0.06011627060966701
11,0.11139202425800811
12,0.06796900709150083
13,0.11864162873761461
14,0.00028480603368837823
15,0.050120197297042327
16,0.12057194572422437
17,0.055993417961667756
18,0.06188913462434713
19,0.0641106910129345
