iteration,MAE
0,0.00010072042807876555
1,0.14173125136519102
2,0.04860195397547277
3,0.15852280781333228
4,0.0005439683160565566
5,0.20041790028207684
6,0.19392542179225597
7,0.10612971525356578
8,0.19485358749519247
9,0.1038869319746221
10,0.08749028377642315
11,0.09214376012569346
12,0.09441564192589692
13,0.09694652492061226
14,0.05276516211799657
15,0.1442392460858008
16,0.164665471826845
17,0.09931826548258932
18,0.14834898995690743
19,0.19069362391309805
