iteration,MAE
0,0.0
1,0.0
2,3.157967714489334e-15
3,3.157967714489334e-15
4,0.0
5,1.578983857244667e-15
6,0.0
7,0.0
8,0.0
9,1.578983857244667e-15
10,3.157967714489334e-15
11,3.157967714489334e-15
12,3.157967714489334e-15
13,3.157967714489334e-15
14,1.578983857244667e-15
15,0.0
16,0.0
17,3.157967714489334e-15
18,0.0
19,3.157967714489334e-15
