iteration,MAE
0,7.25505811170984e-05
1,0.1983294974355397
2,0.18446852309700698
3,0.08820624457107885
4,0.0970876173007223
5,0.09634448324542834
6,0.10160565722384897
7,0.10185073739160205
8,0.09957262850517085
9,9.893556010263127e-05
10,0.09666457472401492
11,0.19368604048102483
12,0.08885424128253333
13,0.09253360247781382
14,0.08651877042451583
15,0.09074259034612997
16,0.19346088113698598
17,0.09673873341906064
18,0.09414559464280534
19,0.09355104309027498
