iteration,MAE
0,0.1559814265202985
1,0.20030205869386203
2,0.20423412571102154
3,0.19429068590512966
4,0.1687731564996743
5,0.1888447686327243
6,0.1759417514595171
7,0.18073052298663958
8,0.16527314078008418
9,0.17329460562715887
10,0.2031527188530647
11,0.18162568042547916
12,0.197544503409195
13,0.1709838865079732
14,0.19505678000741083
15,0.14854060135827862
16,0.1601161857222349
17,0.18334295022815894
18,0.16494796873181858
19,0.18849437096843744
