iteration,MAE
0,0.17450630485203622
1,0.18994573155005112
2,0.03809501390558844
3,0.00046601145106147176
4,0.13736737513981082
5,0.0895234953439315
6,0.05010221259450453
7,0.23148297012598248
8,0.14078465956571692
9,0.127678035886697
10,0.0789091750483975
11,0.16951273217134002
12,0.1467805373377677
13,0.14587942199809323
14,0.10375292730784762
15,0.17121789404819102
16,0.0456054059052647
17,0.14069848658829034
18,0.05030056007978441
19,0.24127703690868366
