iteration,MAE
0,1.705442628845149
1,1.3531656911597143
2,1.4284540462651392
3,1.6454875563644635
4,1.6815529312684914
5,1.480390242091401
6,1.6314069658155321
7,1.287919798863214
8,1.8037529373697225
9,1.324554456046622
10,1.2571306422590434
11,1.0935783349859394
12,1.5152274085738398
13,1.473700182473017
14,1.417496690246287
15,2.5026907862183303
16,1.45105357898182
17,1.9126285588393377
18,1.3952439864757684
19,1.534846096637835
