iteration,MAE
0,0.17796310871278942
1,0.07986559802185685
2,0.17325839332110612
3,0.08593917582194836
4,0.08821986801081383
5,0.1723282727644688
6,0.0907503405320409
7,0.09379033326606684
8,0.08961542191342305
9,0.0969460859730024
10,0.09307967825029717
11,4.612713024470119e-05
12,0.17645165118739012
13,0.07812458923990614
14,8.057529041560493e-05
15,0.07801673823246383
16,0.09207431722387642
17,0.09000256069805831
18,0.08399518021274349
19,0.18160319764021737
