iteration,MAE
0,0.18416492255881478
1,0.18178739142820588
2,0.17598021310048764
3,0.1847233863128905
4,0.172397626978578
5,0.16562896625811863
6,0.16608432020448577
7,0.17268062417481234
8,0.15774228248351366
9,0.181689876000383
10,0.2014868913118707
11,0.16506739247912333
12,0.18071021813911184
13,0.2045702376617504
14,0.1808234653158029
15,0.16998290932967475
16,0.17023657827219862
17,0.1839018896449806
18,0.18485994434847422
19,0.16878259227442627
