iteration,MAE
0,0.0603403769574843
1,0.06463356605259306
2,0.13280348949432483
3,0.07583686480376375
4,0.2035493914962216
5,0.13774015821683822
6,0.12907898318564953
7,0.13040231882584805
8,0.1327437769096875
9,0.07176369418879457
10,0.1296932266408846
11,0.06526300010792582
12,0.1336186011172936
13,0.06255100896792762
14,0.053761089494959904
15,0.1346596672766332
16,0.14467543618632195
17,0.1299105244925876
18,0.11959388268768614
19,0.06735796806474265
