iteration,MAE
0,0.0003976864414224005
1,0.10830415276620545
2,0.00018806335027025817
3,0.057959478272752794
4,0.053764789640948045
5,0.10362289313936497
6,0.1781295722741413
7,0.11826597980697022
8,0.11050662069641463
9,0.10458174086474366
10,0.00022050386477229393
11,0.1085951038254979
12,0.00012329859850464175
13,0.22572496629237024
14,0.09987219281807054
15,0.055434439110417504
16,0.055373942623836186
17,0.17635676070237288
18,0.11208848249206499
19,0.0635901115210102
