iteration,MAE
0,2.1641074184685184e-05
1,0.12644538465183033
2,0.12588033830536013
3,3.7775720720692716e-06
4,2.7875558710810378e-05
5,0.1281921520893981
6,0.12813962524945235
7,1.5742140242171818e-05
8,0.12858902186302623
9,0.12860155469764314
10,0.12317561448278819
11,0.12225896797143218
12,0.12131777001202208
13,0.12854624202662404
14,0.12754471146714644
15,0.12852450536640758
16,0.1284716900066799
17,0.12848081606795383
18,0.1278653838282172
19,0.12855979688050845
