iteration,MAE
0,0.07497299023439072
1,0.037804214279243444
2,0.12418122095804661
3,0.15967598624295404
4,0.12685327230384183
5,0.12794438521399001
6,0.20384380116915093
7,0.1279275991000239
8,0.08413708718459355
9,0.1552462765156069
10,0.11661035642238626
11,0.15959621599024112
12,0.11466825143020618
13,0.16225329026137242
14,0.1525982444354345
15,0.1203388765841357
16,0.20202964078988067
17,0.1200789603502409
18,0.0881902642258949
19,0.20596747630250228
