iteration,MAE
0,2.842170943040401e-15
1,0.0
2,2.842170943040401e-15
3,0.0
4,0.0
5,0.0
6,0.0
7,2.842170943040401e-15
8,0.0
9,0.0
10,0.0
11,0.0
12,2.842170943040401e-15
13,0.0
14,2.842170943040401e-15
15,0.0
16,0.0
17,2.842170943040401e-15
18,2.842170943040401e-15
19,2.842170943040401e-15
