iteration,MAE
0,0.15327643814938732
1,0.06775610715116603
2,0.16007965798887822
3,0.07434120913772435
4,0.0829770338349947
5,5.1839853603554624e-05
6,0.1622125268563785
7,0.07594039259241711
8,0.16240120333467642
9,0.08124555846414097
10,0.00028692825708121996
11,0.08293617045416773
12,0.07597810300954023
13,0.15309660462777547
14,0.08251232358610763
15,2.4249530442644627e-05
16,8.413752068976034e-05
17,0.1578406129261852
18,0.08157896123588196
19,0.08294082650779387
