iteration,MAE
0,0.0001439630426834257
1,0.08545810303361122
2,0.042506757952195905
3,0.14076265212740272
4,0.12966787778332653
5,0.1616138041392928
6,0.04664254341986312
7,0.12866603759374637
8,0.13425117783626414
9,0.2163589125248978
10,0.08478955235219997
11,0.0821170416769489
12,0.09188633238777584
13,0.07878259084332942
14,0.13910691381364537
15,0.08710551626443878
16,0.13741552288962205
17,0.12899382204401302
18,0.1320852962095443
19,0.07691196864860114
