iteration,MAE
0,0.0
1,0.0
2,0.0
3,0.0
4,2.5837917664003644e-15
5,0.0
6,2.5837917664003644e-15
7,2.5837917664003644e-15
8,0.0
9,0.0
10,0.0
11,0.0
12,0.0
13,0.0
14,0.0
15,2.5837917664003644e-15
16,0.0
17,2.5837917664003644e-15
18,0.0
19,0.0
