iteration,MAE
0,0.13284459475358296
1,0.10670810824998736
2,0.06409474885839657
3,0.060186623639635166
4,0.00034765123493694136
5,0.1613215253657121
6,0.1850921840588322
7,0.09991023246390622
8,0.03095828892232513
9,0.19916332956192093
10,0.1344385256777264
11,0.05950681862179578
12,0.12908208023789564
13,0.13320784829911572
14,0.1384808378837316
15,0.1671941849837315
16,0.13498898097372677
17,0.14028458253679263
18,0.09832593884145041
19,0.10373798506036823
