iteration,MAE
0,0.20809339770056798
1,0.15571498945512058
2,0.10252946789353327
3,0.09410292586779202
4,0.20896395329845624
5,0.10387890852972072
6,0.0917561766561646
7,0.059075151776308
8,0.10242338341759251
9,0.16249881592995746
10,0.0989529508452299
11,0.1511721801579516
12,0.0993911654679749
13,0.10284741495325968
14,0.04901398101591447
15,0.15654297296300268
16,0.11180332647377793
17,0.04910118661177339
18,0.20162444814824837
19,0.11138009874691097
