iteration,MAE
0,0.18094078483081144
1,0.08053926678258615
2,0.07243201157334571
3,0.10983515299125632
4,0.10493723322789576
5,0.12022584301442223
6,0.15964007589286244
7,0.15169790369316358
8,0.07727399647512011
9,0.11142607490586849
10,0.11557220464865668
11,0.14624373461223364
12,0.03942960123664156
13,0.14680855632072587
14,0.038835382441623496
15,0.19197535072576552
16,0.11296921969817882
17,0.07115978714084681
18,0.15213361050551027
19,0.041219164035404876
