iteration,MAE
0,1.3665672130594444
1,1.1092178952531235
2,1.355415331551887
3,1.6297204066425606
4,1.286810033938339
5,2.02305416008604
6,1.6955399057368172
7,1.4399267227698351
8,1.3714874650334739
9,1.2128157528030414
10,1.4897217028407554
11,1.6841956824600282
12,1.265625327816143
13,1.8968146268979527
14,1.4656614084214727
15,1.5117598412749857
16,1.3918051489619812
17,1.2536552392170053
18,1.6032714123395797
19,1.3712247812136862
