iteration,MAE
0,0.1239182003166834
1,0.10894349871895785
2,0.19355690276934748
3,0.1282244386671028
4,0.12121972532562017
5,0.12086245140228527
6,0.12963084538697006
7,0.1207801684276164
8,0.06836173666543849
9,0.06950451271226259
10,0.1936392384951271
11,0.1267421366650239
12,0.11573583716313839
13,0.056281103349388614
14,0.058810715770018895
15,0.058498795812536954
16,0.05917536179037442
17,0.19426660098485632
18,0.058448550781422234
19,0.12791970640503839
